{"cameraMode":{"drawMode":0,"name":"Shaded","section":"Shading Mode"},"sceneLighting":false,"audioPlay":false,"sceneViewState":{"showFog":true,"showMaterialUpdate":false,"showSkybox":false,"showFlares":true,"showImageEffects":true,"showParticleSystems":true},"in2DMode":false,"pivot":{"x":-7.284154415130615,"y":-9.449979782104493,"z":-4.571515083312988},"rotation":{"x":-0.11768675595521927,"y":0.8524329662322998,"z":-0.46050703525543215,"w":-0.2178402543067932},"size":17.84894561767578,"orthographic":false}